location,latitude,longitude,start_date,end_date,rainfall_7d_mm,soil_moisture,elevation_m,slope_deg,flood_label
Mumbai_Flood,19.076,72.8777,2021-06-15,2021-06-22,46.750665147909125,0.37664522723394495,14.741782098391141,3.14636493547981,1
Mumbai_Flood,19.076,72.8777,2021-07-01,2021-07-08,42.93986886159845,0.3365599170225506,14.741782098391141,3.14636493547981,1
Mumbai_Flood,19.076,72.8777,2021-07-15,2021-07-22,571.5614682635622,0.4014215334310721,14.741782098391141,3.14636493547981,1
Mumbai_Flood,19.076,72.8777,2021-08-01,2021-08-08,24.643764213701942,0.35993805676162954,14.741782098391141,3.14636493547981,1
Mumbai_Flood,19.076,72.8777,2021-09-01,2021-09-08,288.30317939031255,0.3874499206016765,14.741782098391141,3.14636493547981,1
Mumbai_Flood,19.076,72.8777,2022-06-15,2022-06-22,73.73539045172635,0.35903374287569395,14.741782098391141,3.14636493547981,1
Mumbai_Flood,19.076,72.8777,2022-07-01,2022-07-08,519.263437007983,0.3992723979553899,14.741782098391141,3.14636493547981,1
Mumbai_Flood,19.076,72.8777,2022-07-20,2022-07-27,0.0,0.3821618991689187,14.741782098391141,3.14636493547981,1
Mumbai_Flood,19.076,72.8777,2022-08-01,2022-08-08,316.1570565392526,0.36910968072101796,14.741782098391141,3.14636493547981,1
Mumbai_Flood,19.076,72.8777,2022-09-01,2022-09-08,183.55233286366317,0.3651786123772992,14.741782098391141,3.14636493547981,1
Mumbai_Flood,19.076,72.8777,2023-06-15,2023-06-22,0.0,0.25087822257698356,14.741782098391141,3.14636493547981,1
Mumbai_Flood,19.076,72.8777,2023-07-01,2023-07-08,337.7989449934525,0.4010415906750087,14.741782098391141,3.14636493547981,1
Mumbai_Flood,19.076,72.8777,2023-07-25,2023-08-01,460.97132821972855,0.398979348931329,14.741782098391141,3.14636493547981,1
Mumbai_Flood,19.076,72.8777,2023-08-05,2023-08-12,15.15440628327061,0.35005173475693885,14.741782098391141,3.14636493547981,1
Mumbai_Flood,19.076,72.8777,2023-09-01,2023-09-08,102.84504459995591,0.33024210086335215,14.741782098391141,3.14636493547981,1
Chennai_Flood,13.0827,80.2707,2021-06-15,2021-06-22,11.53419498543241,0.16026290310577695,6.4005454552566965,1.560707645909119,1
Chennai_Flood,13.0827,80.2707,2021-07-01,2021-07-08,13.669419221024015,0.30412142511750107,6.4005454552566965,1.560707645909119,1
Chennai_Flood,13.0827,80.2707,2021-07-15,2021-07-22,60.36633697094946,0.369819577746217,6.4005454552566965,1.560707645909119,1
Chennai_Flood,13.0827,80.2707,2021-08-01,2021-08-08,0.008716443962633989,0.1870689539946327,6.4005454552566965,1.560707645909119,1
Chennai_Flood,13.0827,80.2707,2021-09-01,2021-09-08,34.854087146487565,0.3822109923674286,6.4005454552566965,1.560707645909119,1
Chennai_Flood,13.0827,80.2707,2022-06-15,2022-06-22,41.75178634307023,0.2687323962071145,6.4005454552566965,1.560707645909119,1
Chennai_Flood,13.0827,80.2707,2022-07-01,2022-07-08,43.89168677096173,0.3052809642398872,6.4005454552566965,1.560707645909119,1
Chennai_Flood,13.0827,80.2707,2022-07-20,2022-07-27,49.74542717486302,0.34669397677298,6.4005454552566965,1.560707645909119,1
Chennai_Flood,13.0827,80.2707,2022-08-01,2022-08-08,62.97516891836866,0.33898726386221273,6.4005454552566965,1.560707645909119,1
Chennai_Flood,13.0827,80.2707,2022-09-01,2022-09-08,28.488368236433978,0.3392757149629815,6.4005454552566965,1.560707645909119,1
Chennai_Flood,13.0827,80.2707,2023-06-15,2023-06-22,137.80636256437566,0.20222448853823302,6.4005454552566965,1.560707645909119,1
Chennai_Flood,13.0827,80.2707,2023-07-01,2023-07-08,28.877160831936386,0.2900498349009162,6.4005454552566965,1.560707645909119,1
Chennai_Flood,13.0827,80.2707,2023-07-25,2023-08-01,6.383997528728391,0.2835317444827733,6.4005454552566965,1.560707645909119,1
Chennai_Flood,13.0827,80.2707,2023-08-05,2023-08-12,12.795848220523231,0.18373952170675115,6.4005454552566965,1.560707645909119,1
Chennai_Flood,13.0827,80.2707,2023-09-01,2023-09-08,29.10798796318742,0.30764482821340966,6.4005454552566965,1.560707645909119,1
Kerala_Flood,10.8505,76.2711,2021-06-15,2021-06-22,60.53213447341566,0.4851656157105833,59.65176715018041,6.858860248815717,1
Kerala_Flood,10.8505,76.2711,2021-07-01,2021-07-08,107.91191096555652,0.4783822651398487,59.65176715018041,6.858860248815717,1
Kerala_Flood,10.8505,76.2711,2021-07-15,2021-07-22,181.96074931867685,0.4879541325831151,59.65176715018041,6.858860248815717,1
Kerala_Flood,10.8505,76.2711,2021-08-01,2021-08-08,6.215330939447199,0.4667255440736427,59.65176715018041,6.858860248815717,1
Kerala_Flood,10.8505,76.2711,2021-09-01,2021-09-08,52.6248994143608,0.4885027659769023,59.65176715018041,6.858860248815717,1
Kerala_Flood,10.8505,76.2711,2022-06-15,2022-06-22,177.42285114627774,0.47564626910310964,59.65176715018041,6.858860248815717,1
Kerala_Flood,10.8505,76.2711,2022-07-01,2022-07-08,128.91732199276538,0.4822358006348103,59.65176715018041,6.858860248815717,1
Kerala_Flood,10.8505,76.2711,2022-07-20,2022-07-27,276.3741286678931,0.4718111993978311,59.65176715018041,6.858860248815717,1
Kerala_Flood,10.8505,76.2711,2022-08-01,2022-08-08,172.75611774947131,0.4865661106878147,59.65176715018041,6.858860248815717,1
Kerala_Flood,10.8505,76.2711,2022-09-01,2022-09-08,128.31747499232299,0.4808085281595641,59.65176715018041,6.858860248815717,1
Kerala_Flood,10.8505,76.2711,2023-06-15,2023-06-22,215.62966189582832,0.47453787052587704,59.65176715018041,6.858860248815717,1
Kerala_Flood,10.8505,76.2711,2023-07-01,2023-07-08,142.40765804943203,0.48166567302885505,59.65176715018041,6.858860248815717,1
Kerala_Flood,10.8505,76.2711,2023-07-25,2023-08-01,21.836354193959284,0.458629871969258,59.65176715018041,6.858860248815717,1
Kerala_Flood,10.8505,76.2711,2023-08-05,2023-08-12,65.52689071282032,0.41109128469949235,59.65176715018041,6.858860248815717,1
Kerala_Flood,10.8505,76.2711,2023-09-01,2023-09-08,35.434689969788714,0.4678429004822895,59.65176715018041,6.858860248815717,1
Assam_Flood,26.2006,92.9376,2021-06-15,2021-06-22,45.101637676237665,0.47301561341519166,222.3011766528581,9.630386352417677,1
Assam_Flood,26.2006,92.9376,2021-07-01,2021-07-08,13.836135635315594,0.4750557676247509,222.3011766528581,9.630386352417677,1
Assam_Flood,26.2006,92.9376,2021-07-15,2021-07-22,57.86071536878948,0.4771524329540476,222.3011766528581,9.630386352417677,1
Assam_Flood,26.2006,92.9376,2021-08-01,2021-08-08,81.36249556962427,0.4763251246420991,222.3011766528581,9.630386352417677,1
Assam_Flood,26.2006,92.9376,2021-09-01,2021-09-08,105.04173287966283,0.4731292081151051,222.3011766528581,9.630386352417677,1
Assam_Flood,26.2006,92.9376,2022-06-15,2022-06-22,146.56951781808593,0.4782860687481006,222.3011766528581,9.630386352417677,1
Assam_Flood,26.2006,92.9376,2022-07-01,2022-07-08,64.16428083808245,0.47453043085068847,222.3011766528581,9.630386352417677,1
Assam_Flood,26.2006,92.9376,2022-07-20,2022-07-27,70.62059182983194,0.48045412174892616,222.3011766528581,9.630386352417677,1
Assam_Flood,26.2006,92.9376,2022-08-01,2022-08-08,68.13891435181048,0.47920492992234826,222.3011766528581,9.630386352417677,1
Assam_Flood,26.2006,92.9376,2022-09-01,2022-09-08,35.784621197616296,0.4771741183950628,222.3011766528581,9.630386352417677,1
Assam_Flood,26.2006,92.9376,2023-06-15,2023-06-22,133.4556616029394,0.48357068336225856,222.3011766528581,9.630386352417677,1
Assam_Flood,26.2006,92.9376,2023-07-01,2023-07-08,82.28382302135638,0.4786985538055399,222.3011766528581,9.630386352417677,1
Assam_Flood,26.2006,92.9376,2023-07-25,2023-08-01,64.1013045295879,0.4781023512903594,222.3011766528581,9.630386352417677,1
Assam_Flood,26.2006,92.9376,2023-08-05,2023-08-12,58.5441781224141,0.4777411107166273,222.3011766528581,9.630386352417677,1
Assam_Flood,26.2006,92.9376,2023-09-01,2023-09-08,22.860477859773475,0.4578294718209567,222.3011766528581,9.630386352417677,1
Bihar_Flood,25.5941,85.1376,2021-06-15,2021-06-22,162.74114690888476,0.4155455654380103,52.67912632381728,1.6420331889989257,1
Bihar_Flood,25.5941,85.1376,2021-07-01,2021-07-08,96.63323759072243,0.4094780591142433,52.67912632381728,1.6420331889989257,1
Bihar_Flood,25.5941,85.1376,2021-07-15,2021-07-22,89.4375773660707,0.39272114114555046,52.67912632381728,1.6420331889989257,1
Bihar_Flood,25.5941,85.1376,2021-08-01,2021-08-08,84.18561780343208,0.4093315533804132,52.67912632381728,1.6420331889989257,1
Bihar_Flood,25.5941,85.1376,2021-09-01,2021-09-08,43.69249768240292,0.39853334621689784,52.67912632381728,1.6420331889989257,1
Bihar_Flood,25.5941,85.1376,2022-06-15,2022-06-22,57.054340651652424,0.21947370869868582,52.67912632381728,1.6420331889989257,1
Bihar_Flood,25.5941,85.1376,2022-07-01,2022-07-08,29.176189017548577,0.3495822531181685,52.67912632381728,1.6420331889989257,1
Bihar_Flood,25.5941,85.1376,2022-07-20,2022-07-27,68.88712994142472,0.373157026395516,52.67912632381728,1.6420331889989257,1
Bihar_Flood,25.5941,85.1376,2022-08-01,2022-08-08,81.2220590529088,0.3987281377249573,52.67912632381728,1.6420331889989257,1
Bihar_Flood,25.5941,85.1376,2022-09-01,2022-09-08,41.38091511406241,0.4084453628751584,52.67912632381728,1.6420331889989257,1
Bihar_Flood,25.5941,85.1376,2023-06-15,2023-06-22,18.673142586495768,0.15177441109576872,52.67912632381728,1.6420331889989257,1
Bihar_Flood,25.5941,85.1376,2023-07-01,2023-07-08,74.39825357919025,0.4083075861579231,52.67912632381728,1.6420331889989257,1
Bihar_Flood,25.5941,85.1376,2023-07-25,2023-08-01,24.446359195304844,0.3238504965605048,52.67912632381728,1.6420331889989257,1
Bihar_Flood,25.5941,85.1376,2023-08-05,2023-08-12,107.02609509663534,0.41517464699903905,52.67912632381728,1.6420331889989257,1
Bihar_Flood,25.5941,85.1376,2023-09-01,2023-09-08,87.20521150342991,0.366624165711835,52.67912632381728,1.6420331889989257,1
Uttarakhand_Flood,30.0668,79.0193,2021-06-15,2021-06-22,46.20359179739133,0.4741615094066605,1946.906286866896,24.978906930172073,1
Uttarakhand_Flood,30.0668,79.0193,2021-07-01,2021-07-08,16.603302756126123,0.3964453554565729,1946.906286866896,24.978906930172073,1
Uttarakhand_Flood,30.0668,79.0193,2021-07-15,2021-07-22,134.3488287350422,0.48170708360818454,1946.906286866896,24.978906930172073,1
Uttarakhand_Flood,30.0668,79.0193,2021-08-01,2021-08-08,46.63289192634162,0.48112172362942557,1946.906286866896,24.978906930172073,1
Uttarakhand_Flood,30.0668,79.0193,2021-09-01,2021-09-08,83.3779313044598,0.47016448078655193,1946.906286866896,24.978906930172073,1
Uttarakhand_Flood,30.0668,79.0193,2022-06-15,2022-06-22,51.960482443797105,0.307699635222983,1946.906286866896,24.978906930172073,1
Uttarakhand_Flood,30.0668,79.0193,2022-07-01,2022-07-08,99.98221372518641,0.48365793389371947,1946.906286866896,24.978906930172073,1
Uttarakhand_Flood,30.0668,79.0193,2022-07-20,2022-07-27,58.42797371389577,0.4781446263688291,1946.906286866896,24.978906930172073,1
Uttarakhand_Flood,30.0668,79.0193,2022-08-01,2022-08-08,54.515135294201,0.48012387914063165,1946.906286866896,24.978906930172073,1
Uttarakhand_Flood,30.0668,79.0193,2022-09-01,2022-09-08,58.69649506517665,0.4579592701203901,1946.906286866896,24.978906930172073,1
Uttarakhand_Flood,30.0668,79.0193,2023-06-15,2023-06-22,0.0,0.2896272946302468,1946.906286866896,24.978906930172073,1
Uttarakhand_Flood,30.0668,79.0193,2023-07-01,2023-07-08,71.29146399116067,0.4696374282265866,1946.906286866896,24.978906930172073,1
Uttarakhand_Flood,30.0668,79.0193,2023-07-25,2023-08-01,99.02607969965392,0.4811240373572805,1946.906286866896,24.978906930172073,1
Uttarakhand_Flood,30.0668,79.0193,2023-08-05,2023-08-12,73.32137731298799,0.48565169127776037,1946.906286866896,24.978906930172073,1
Uttarakhand_Flood,30.0668,79.0193,2023-09-01,2023-09-08,32.57394979063745,0.4218633754866586,1946.906286866896,24.978906930172073,1
Bengal_Flood,22.9868,87.855,2021-06-15,2021-06-22,161.99385724289507,0.4225910231066611,22.37269034192328,1.9000720313457136,1
Bengal_Flood,22.9868,87.855,2021-07-01,2021-07-08,115.30143483949834,0.40167172330438106,22.37269034192328,1.9000720313457136,1
Bengal_Flood,22.9868,87.855,2021-07-15,2021-07-22,52.07813999982161,0.3614359100536817,22.37269034192328,1.9000720313457136,1
Bengal_Flood,22.9868,87.855,2021-08-01,2021-08-08,146.29211004520639,0.40455446221660857,22.37269034192328,1.9000720313457136,1
Bengal_Flood,22.9868,87.855,2021-09-01,2021-09-08,32.176572601759936,0.376891352356582,22.37269034192328,1.9000720313457136,1
Bengal_Flood,22.9868,87.855,2022-06-15,2022-06-22,32.23105578131509,0.29197790355180403,22.37269034192328,1.9000720313457136,1
Bengal_Flood,22.9868,87.855,2022-07-01,2022-07-08,34.32639599981353,0.37034879792050335,22.37269034192328,1.9000720313457136,1
Bengal_Flood,22.9868,87.855,2022-07-20,2022-07-27,51.00491327290237,0.3614025519638465,22.37269034192328,1.9000720313457136,1
Bengal_Flood,22.9868,87.855,2022-08-01,2022-08-08,72.39454646803522,0.3893868039991654,22.37269034192328,1.9000720313457136,1
Bengal_Flood,22.9868,87.855,2022-09-01,2022-09-08,59.39871518258536,0.3638762537821833,22.37269034192328,1.9000720313457136,1
Bengal_Flood,22.9868,87.855,2023-06-15,2023-06-22,36.31705611963543,0.1450425147158349,22.37269034192328,1.9000720313457136,1
Bengal_Flood,22.9868,87.855,2023-07-01,2023-07-08,30.378211350893224,0.37015352843512717,22.37269034192328,1.9000720313457136,1
Bengal_Flood,22.9868,87.855,2023-07-25,2023-08-01,62.72527436749239,0.36777945579896304,22.37269034192328,1.9000720313457136,1
Bengal_Flood,22.9868,87.855,2023-08-05,2023-08-12,58.28042615831349,0.4031456357743218,22.37269034192328,1.9000720313457136,1
Bengal_Flood,22.9868,87.855,2023-09-01,2023-09-08,109.0142078790001,0.3919333837568526,22.37269034192328,1.9000720313457136,1
Odisha_Flood,20.9517,85.0985,2021-06-15,2021-06-22,51.038833278411076,0.4091496573954259,121.53690746846503,3.3111714269649757,1
Odisha_Flood,20.9517,85.0985,2021-07-01,2021-07-08,64.53587881173152,0.3727156769336582,121.53690746846503,3.3111714269649757,1
Odisha_Flood,20.9517,85.0985,2021-07-15,2021-07-22,56.25801029087027,0.3569719345117313,121.53690746846503,3.3111714269649757,1
Odisha_Flood,20.9517,85.0985,2021-08-01,2021-08-08,22.82954306612916,0.39540067514950766,121.53690746846503,3.3111714269649757,1
Odisha_Flood,20.9517,85.0985,2021-09-01,2021-09-08,58.90712563637529,0.3643714195781217,121.53690746846503,3.3111714269649757,1
Odisha_Flood,20.9517,85.0985,2022-06-15,2022-06-22,57.50598781642061,0.2998758771771126,121.53690746846503,3.3111714269649757,1
Odisha_Flood,20.9517,85.0985,2022-07-01,2022-07-08,55.00580577648544,0.41570750010379515,121.53690746846503,3.3111714269649757,1
Odisha_Flood,20.9517,85.0985,2022-07-20,2022-07-27,30.01978676426111,0.4040839838969958,121.53690746846503,3.3111714269649757,1
Odisha_Flood,20.9517,85.0985,2022-08-01,2022-08-08,52.51791983892865,0.3847071808556995,121.53690746846503,3.3111714269649757,1
Odisha_Flood,20.9517,85.0985,2022-09-01,2022-09-08,30.013838107983418,0.3481504149423947,121.53690746846503,3.3111714269649757,1
Odisha_Flood,20.9517,85.0985,2023-06-15,2023-06-22,36.96619668593159,0.1524097864615001,121.53690746846503,3.3111714269649757,1
Odisha_Flood,20.9517,85.0985,2023-07-01,2023-07-08,27.2985827332211,0.3917432898000006,121.53690746846503,3.3111714269649757,1
Odisha_Flood,20.9517,85.0985,2023-07-25,2023-08-01,60.84652061594617,0.4012306843693544,121.53690746846503,3.3111714269649757,1
Odisha_Flood,20.9517,85.0985,2023-08-05,2023-08-12,12.184478437583058,0.38873373999494615,121.53690746846503,3.3111714269649757,1
Odisha_Flood,20.9517,85.0985,2023-09-01,2023-09-08,107.19060424330112,0.3939605647805236,121.53690746846503,3.3111714269649757,1
Gujarat_Flood,21.1702,72.8311,2021-06-15,2021-06-22,167.3901221100022,0.37287723748332735,10.917585700891399,2.025921555049249,1
Gujarat_Flood,21.1702,72.8311,2021-07-01,2021-07-08,0.0,0.3511955486839386,10.917585700891399,2.025921555049249,1
Gujarat_Flood,21.1702,72.8311,2021-07-15,2021-07-22,147.1357795596123,0.46425969524878713,10.917585700891399,2.025921555049249,1
Gujarat_Flood,21.1702,72.8311,2021-08-01,2021-08-08,11.874347465792123,0.4464190896312411,10.917585700891399,2.025921555049249,1
Gujarat_Flood,21.1702,72.8311,2021-09-01,2021-09-08,94.23017815631977,0.47731767779139367,10.917585700891399,2.025921555049249,1
Gujarat_Flood,21.1702,72.8311,2022-06-15,2022-06-22,30.83880164745976,0.3571417958276662,10.917585700891399,2.025921555049249,1
Gujarat_Flood,21.1702,72.8311,2022-07-01,2022-07-08,197.71767515014204,0.4640877216735781,10.917585700891399,2.025921555049249,1
Gujarat_Flood,21.1702,72.8311,2022-07-20,2022-07-27,46.028780276635125,0.48209971830809456,10.917585700891399,2.025921555049249,1
Gujarat_Flood,21.1702,72.8311,2022-08-01,2022-08-08,78.16472883575105,0.44791790936930903,10.917585700891399,2.025921555049249,1
Gujarat_Flood,21.1702,72.8311,2022-09-01,2022-09-08,47.49802833550117,0.45759751858619224,10.917585700891399,2.025921555049249,1
Gujarat_Flood,21.1702,72.8311,2023-06-15,2023-06-22,0.0025874148396884695,0.2995495573110288,10.917585700891399,2.025921555049249,1
Gujarat_Flood,21.1702,72.8311,2023-07-01,2023-07-08,135.61248404874522,0.4738527053299173,10.917585700891399,2.025921555049249,1
Gujarat_Flood,21.1702,72.8311,2023-07-25,2023-08-01,96.07460540603188,0.4821760724952249,10.917585700891399,2.025921555049249,1
Gujarat_Flood,21.1702,72.8311,2023-08-05,2023-08-12,0.0,0.4371591536482059,10.917585700891399,2.025921555049249,1
Gujarat_Flood,21.1702,72.8311,2023-09-01,2023-09-08,62.510275295201474,0.2822383438135772,10.917585700891399,2.025921555049249,1
Karnataka_Flood,15.3173,75.7139,2021-06-15,2021-06-22,15.799111277415863,0.4319831690293104,669.7720263704289,4.580523374599259,1
Karnataka_Flood,15.3173,75.7139,2021-07-01,2021-07-08,33.348231807064444,0.36504331267023665,669.7720263704289,4.580523374599259,1
Karnataka_Flood,15.3173,75.7139,2021-07-15,2021-07-22,33.21250332962204,0.4665270205961175,669.7720263704289,4.580523374599259,1
Karnataka_Flood,15.3173,75.7139,2021-08-01,2021-08-08,0.0,0.3846161524181181,669.7720263704289,4.580523374599259,1
Karnataka_Flood,15.3173,75.7139,2021-09-01,2021-09-08,56.45539266520831,0.4471674795747146,669.7720263704289,4.580523374599259,1
Karnataka_Flood,15.3173,75.7139,2022-06-15,2022-06-22,19.807592217437012,0.320707545906938,669.7720263704289,4.580523374599259,1
Karnataka_Flood,15.3173,75.7139,2022-07-01,2022-07-08,25.428185853450902,0.43837851460337035,669.7720263704289,4.580523374599259,1
Karnataka_Flood,15.3173,75.7139,2022-07-20,2022-07-27,10.08927530565158,0.437770679225473,669.7720263704289,4.580523374599259,1
Karnataka_Flood,15.3173,75.7139,2022-08-01,2022-08-08,33.20795236862367,0.4657744905829636,669.7720263704289,4.580523374599259,1
Karnataka_Flood,15.3173,75.7139,2022-09-01,2022-09-08,100.88694359625751,0.4527118154045365,669.7720263704289,4.580523374599259,1
Karnataka_Flood,15.3173,75.7139,2023-06-15,2023-06-22,9.338227812365199,0.16587126726948254,669.7720263704289,4.580523374599259,1
Karnataka_Flood,15.3173,75.7139,2023-07-01,2023-07-08,10.375394214193403,0.36964511584086596,669.7720263704289,4.580523374599259,1
Karnataka_Flood,15.3173,75.7139,2023-07-25,2023-08-01,48.66579051451251,0.4573195395083927,669.7720263704289,4.580523374599259,1
Karnataka_Flood,15.3173,75.7139,2023-08-05,2023-08-12,5.635498089864092,0.3617824160772293,669.7720263704289,4.580523374599259,1
Karnataka_Flood,15.3173,75.7139,2023-09-01,2023-09-08,59.55939825576733,0.37780496024976024,669.7720263704289,4.580523374599259,1
AP_Flood,16.5062,80.648,2021-06-15,2021-06-22,16.265181994178334,0.27890948514784264,24.3946563960167,3.2190137908928884,1
AP_Flood,16.5062,80.648,2021-07-01,2021-07-08,74.87923890314171,0.287442781278795,24.3946563960167,3.2190137908928884,1
AP_Flood,16.5062,80.648,2021-07-15,2021-07-22,74.67734788083258,0.4116875506421494,24.3946563960167,3.2190137908928884,1
AP_Flood,16.5062,80.648,2021-08-01,2021-08-08,0.0,0.2626361593045122,24.3946563960167,3.2190137908928884,1
AP_Flood,16.5062,80.648,2021-09-01,2021-09-08,78.38909836560879,0.42834421405334716,24.3946563960167,3.2190137908928884,1
AP_Flood,16.5062,80.648,2022-06-15,2022-06-22,52.738572509967035,0.24759531642238528,24.3946563960167,3.2190137908928884,1
AP_Flood,16.5062,80.648,2022-07-01,2022-07-08,111.88300350706005,0.3648555685561003,24.3946563960167,3.2190137908928884,1
AP_Flood,16.5062,80.648,2022-07-20,2022-07-27,61.92727881775274,0.41501859688947224,24.3946563960167,3.2190137908928884,1
AP_Flood,16.5062,80.648,2022-08-01,2022-08-08,48.24056202054516,0.42365314541478055,24.3946563960167,3.2190137908928884,1
AP_Flood,16.5062,80.648,2022-09-01,2022-09-08,22.22429622505357,0.3431506662302929,24.3946563960167,3.2190137908928884,1
AP_Flood,16.5062,80.648,2023-06-15,2023-06-22,26.53702732621615,0.1755467221460119,24.3946563960167,3.2190137908928884,1
AP_Flood,16.5062,80.648,2023-07-01,2023-07-08,38.306142177674964,0.33024716328043846,24.3946563960167,3.2190137908928884,1
AP_Flood,16.5062,80.648,2023-07-25,2023-08-01,93.18198841651191,0.41433754730278916,24.3946563960167,3.2190137908928884,1
AP_Flood,16.5062,80.648,2023-08-05,2023-08-12,7.685322009276197,0.2948866639241467,24.3946563960167,3.2190137908928884,1
AP_Flood,16.5062,80.648,2023-09-01,2023-09-08,41.444850203687196,0.36466338291856537,24.3946563960167,3.2190137908928884,1
Maharashtra_Flood,18.5204,73.8567,2021-06-15,2021-06-22,7.014972139287879,0.4177762884970386,589.7934178385088,3.797606559941247,1
Maharashtra_Flood,18.5204,73.8567,2021-07-01,2021-07-08,38.98647199551266,0.33967110638027553,589.7934178385088,3.797606559941247,1
Maharashtra_Flood,18.5204,73.8567,2021-07-15,2021-07-22,78.96569071875679,0.4565236857167505,589.7934178385088,3.797606559941247,1
Maharashtra_Flood,18.5204,73.8567,2021-08-01,2021-08-08,0.0,0.42871492805497124,589.7934178385088,3.797606559941247,1
Maharashtra_Flood,18.5204,73.8567,2021-09-01,2021-09-08,100.96259654645567,0.4408453811574355,589.7934178385088,3.797606559941247,1
Maharashtra_Flood,18.5204,73.8567,2022-06-15,2022-06-22,9.25974369937623,0.31432280379431854,589.7934178385088,3.797606559941247,1
Maharashtra_Flood,18.5204,73.8567,2022-07-01,2022-07-08,58.49474013681766,0.4305130549031023,589.7934178385088,3.797606559941247,1
Maharashtra_Flood,18.5204,73.8567,2022-07-20,2022-07-27,15.734760997913506,0.4451278347205657,589.7934178385088,3.797606559941247,1
Maharashtra_Flood,18.5204,73.8567,2022-08-01,2022-08-08,76.13224640069187,0.44473982470443524,589.7934178385088,3.797606559941247,1
Maharashtra_Flood,18.5204,73.8567,2022-09-01,2022-09-08,78.03299668735932,0.4393223500679622,589.7934178385088,3.797606559941247,1
Maharashtra_Flood,18.5204,73.8567,2023-06-15,2023-06-22,0.0,0.22981140804573755,589.7934178385088,3.797606559941247,1
Maharashtra_Flood,18.5204,73.8567,2023-07-01,2023-07-08,99.11705570150306,0.45344673793868717,589.7934178385088,3.797606559941247,1
Maharashtra_Flood,18.5204,73.8567,2023-07-25,2023-08-01,130.49745081477698,0.45735837713513505,589.7934178385088,3.797606559941247,1
Maharashtra_Flood,18.5204,73.8567,2023-08-05,2023-08-12,0.0,0.39862305912170354,589.7934178385088,3.797606559941247,1
Maharashtra_Flood,18.5204,73.8567,2023-09-01,2023-09-08,12.128123620704372,0.36410378351948663,589.7934178385088,3.797606559941247,1
Hyderabad,17.385,78.4867,2021-06-15,2021-06-22,16.06987352698109,0.3107631721148506,522.76658828551,3.0536799761073414,0
Hyderabad,17.385,78.4867,2021-07-01,2021-07-08,59.24656779098084,0.2736884514966649,522.76658828551,3.0536799761073414,0
Hyderabad,17.385,78.4867,2021-07-15,2021-07-22,66.84413784680174,0.3913277739434286,522.76658828551,3.0536799761073414,0
Hyderabad,17.385,78.4867,2021-08-01,2021-08-08,0.0,0.2862316446491956,522.76658828551,3.0536799761073414,0
Hyderabad,17.385,78.4867,2021-09-01,2021-09-08,107.51788961905127,0.41336624718201886,522.76658828551,3.0536799761073414,0
Hyderabad,17.385,78.4867,2022-06-15,2022-06-22,93.83149860113103,0.22122443242395298,522.76658828551,3.0536799761073414,0
Hyderabad,17.385,78.4867,2022-07-01,2022-07-08,61.98207361554247,0.3862254968354394,522.76658828551,3.0536799761073414,0
Hyderabad,17.385,78.4867,2022-07-20,2022-07-27,54.913805261454186,0.40802197229294557,522.76658828551,3.0536799761073414,0
Hyderabad,17.385,78.4867,2022-08-01,2022-08-08,88.72423395989726,0.4199087959019792,522.76658828551,3.0536799761073414,0
Hyderabad,17.385,78.4867,2022-09-01,2022-09-08,27.20057551258545,0.34350776753943635,522.76658828551,3.0536799761073414,0
Hyderabad,17.385,78.4867,2023-06-15,2023-06-22,27.748789280253263,0.12164372883870932,522.76658828551,3.0536799761073414,0
Hyderabad,17.385,78.4867,2023-07-01,2023-07-08,38.69743538453576,0.24918531508128938,522.76658828551,3.0536799761073414,0
Hyderabad,17.385,78.4867,2023-07-25,2023-08-01,125.33542177538584,0.4135660212842835,522.76658828551,3.0536799761073414,0
Hyderabad,17.385,78.4867,2023-08-05,2023-08-12,11.085169473987753,0.3298940243869213,522.76658828551,3.0536799761073414,0
Hyderabad,17.385,78.4867,2023-09-01,2023-09-08,54.60377763653654,0.35295172461016683,522.76658828551,3.0536799761073414,0
Bangalore,12.9716,77.5946,2021-06-15,2021-06-22,1.9730638270142413,0.41174506600316507,897.3703938267963,3.2585208280583102,0
Bangalore,12.9716,77.5946,2021-07-01,2021-07-08,65.84632987948878,0.435120849442976,897.3703938267963,3.2585208280583102,0
Bangalore,12.9716,77.5946,2021-07-15,2021-07-22,67.41103743872262,0.4833448615952952,897.3703938267963,3.2585208280583102,0
Bangalore,12.9716,77.5946,2021-08-01,2021-08-08,0.4784683546639214,0.42876527093619016,897.3703938267963,3.2585208280583102,0
Bangalore,12.9716,77.5946,2021-09-01,2021-09-08,42.370139557689754,0.4761515970621833,897.3703938267963,3.2585208280583102,0
Bangalore,12.9716,77.5946,2022-06-15,2022-06-22,64.51048699866682,0.4726989510361822,897.3703938267963,3.2585208280583102,0
Bangalore,12.9716,77.5946,2022-07-01,2022-07-08,28.498957881818708,0.47539409192333837,897.3703938267963,3.2585208280583102,0
Bangalore,12.9716,77.5946,2022-07-20,2022-07-27,57.180420514023346,0.4793264945781434,897.3703938267963,3.2585208280583102,0
Bangalore,12.9716,77.5946,2022-08-01,2022-08-08,105.21790627671739,0.4782114304182357,897.3703938267963,3.2585208280583102,0
Bangalore,12.9716,77.5946,2022-09-01,2022-09-08,115.63119452008726,0.477932985389679,897.3703938267963,3.2585208280583102,0
Bangalore,12.9716,77.5946,2023-06-15,2023-06-22,52.202970548908965,0.361970213845356,897.3703938267963,3.2585208280583102,0
Bangalore,12.9716,77.5946,2023-07-01,2023-07-08,24.383251259082165,0.4686572179929511,897.3703938267963,3.2585208280583102,0
Bangalore,12.9716,77.5946,2023-07-25,2023-08-01,15.941253013211965,0.4520535881239386,897.3703938267963,3.2585208280583102,0
Bangalore,12.9716,77.5946,2023-08-05,2023-08-12,7.603294304976445,0.37579553327487625,897.3703938267963,3.2585208280583102,0
Bangalore,12.9716,77.5946,2023-09-01,2023-09-08,70.50446541354682,0.410986881124371,897.3703938267963,3.2585208280583102,0
Delhi,28.7041,77.1025,2021-06-15,2021-06-22,16.133365443144754,0.19964397337475764,216.03402963768053,3.2847625376036165,0
Delhi,28.7041,77.1025,2021-07-01,2021-07-08,0.0,0.11351122125108187,216.03402963768053,3.2847625376036165,0
Delhi,28.7041,77.1025,2021-07-15,2021-07-22,98.38773207337886,0.28651044659817326,216.03402963768053,3.2847625376036165,0
Delhi,28.7041,77.1025,2021-08-01,2021-08-08,51.732140318498196,0.3825258146237793,216.03402963768053,3.2847625376036165,0
Delhi,28.7041,77.1025,2021-09-01,2021-09-08,138.23204693141045,0.39231018917605287,216.03402963768053,3.2847625376036165,0
Delhi,28.7041,77.1025,2022-06-15,2022-06-22,30.753674035570388,0.13387768188691854,216.03402963768053,3.2847625376036165,0
Delhi,28.7041,77.1025,2022-07-01,2022-07-08,9.945997171532614,0.3495027489911039,216.03402963768053,3.2847625376036165,0
Delhi,28.7041,77.1025,2022-07-20,2022-07-27,44.764259003613084,0.38866201332606093,216.03402963768053,3.2847625376036165,0
Delhi,28.7041,77.1025,2022-08-01,2022-08-08,67.86352351626302,0.39558759085443224,216.03402963768053,3.2847625376036165,0
Delhi,28.7041,77.1025,2022-09-01,2022-09-08,30.09957356191661,0.15196561704338224,216.03402963768053,3.2847625376036165,0
Delhi,28.7041,77.1025,2023-06-15,2023-06-22,0.814551053961662,0.14781992396053728,216.03402963768053,3.2847625376036165,0
Delhi,28.7041,77.1025,2023-07-01,2023-07-08,33.83782050250326,0.27325598591958933,216.03402963768053,3.2847625376036165,0
Delhi,28.7041,77.1025,2023-07-25,2023-08-01,91.60310497349253,0.3989946091382989,216.03402963768053,3.2847625376036165,0
Delhi,28.7041,77.1025,2023-08-05,2023-08-12,18.175327991132864,0.3179509231863409,216.03402963768053,3.2847625376036165,0
Delhi,28.7041,77.1025,2023-09-01,2023-09-08,10.644418170354136,0.13380367865373374,216.03402963768053,3.2847625376036165,0
Kolkata,22.5726,88.3639,2021-06-15,2021-06-22,233.4145042794853,0.42418204229235074,6.880774277766366,2.561797150937871,0
Kolkata,22.5726,88.3639,2021-07-01,2021-07-08,174.51288619828725,0.41179955971496024,6.880774277766366,2.561797150937871,0
Kolkata,22.5726,88.3639,2021-07-15,2021-07-22,71.80216194729024,0.37763949197436136,6.880774277766366,2.561797150937871,0
Kolkata,22.5726,88.3639,2021-08-01,2021-08-08,119.15017076611262,0.4018190651124226,6.880774277766366,2.561797150937871,0
Kolkata,22.5726,88.3639,2021-09-01,2021-09-08,37.90778739682702,0.39821425662359916,6.880774277766366,2.561797150937871,0
Kolkata,22.5726,88.3639,2022-06-15,2022-06-22,51.45038431904347,0.2916751702297466,6.880774277766366,2.561797150937871,0
Kolkata,22.5726,88.3639,2022-07-01,2022-07-08,41.52507498767966,0.3955504382536936,6.880774277766366,2.561797150937871,0
Kolkata,22.5726,88.3639,2022-07-20,2022-07-27,35.59423419409891,0.3792534532672047,6.880774277766366,2.561797150937871,0
Kolkata,22.5726,88.3639,2022-08-01,2022-08-08,68.7839907738659,0.40102373574666933,6.880774277766366,2.561797150937871,0
Kolkata,22.5726,88.3639,2022-09-01,2022-09-08,38.634138305151126,0.37553221187236147,6.880774277766366,2.561797150937871,0
Kolkata,22.5726,88.3639,2023-06-15,2023-06-22,34.382662270339004,0.17972582665042597,6.880774277766366,2.561797150937871,0
Kolkata,22.5726,88.3639,2023-07-01,2023-07-08,65.40156699945881,0.37804252500777574,6.880774277766366,2.561797150937871,0
Kolkata,22.5726,88.3639,2023-07-25,2023-08-01,69.70130430766811,0.3623443760157783,6.880774277766366,2.561797150937871,0
Kolkata,22.5726,88.3639,2023-08-05,2023-08-12,52.65803061549236,0.41670603505326104,6.880774277766366,2.561797150937871,0
Kolkata,22.5726,88.3639,2023-09-01,2023-09-08,120.73186308717077,0.4137553356531326,6.880774277766366,2.561797150937871,0
Pune,18.5204,73.8567,2021-06-15,2021-06-22,7.014972139287879,0.4177762884970386,589.7934178385088,3.797606559941247,0
Pune,18.5204,73.8567,2021-07-01,2021-07-08,38.98647199551266,0.33967110638027553,589.7934178385088,3.797606559941247,0
Pune,18.5204,73.8567,2021-07-15,2021-07-22,78.96569071875679,0.4565236857167505,589.7934178385088,3.797606559941247,0
Pune,18.5204,73.8567,2021-08-01,2021-08-08,0.0,0.42871492805497124,589.7934178385088,3.797606559941247,0
Pune,18.5204,73.8567,2021-09-01,2021-09-08,100.96259654645567,0.4408453811574355,589.7934178385088,3.797606559941247,0
Pune,18.5204,73.8567,2022-06-15,2022-06-22,9.25974369937623,0.31432280379431854,589.7934178385088,3.797606559941247,0
Pune,18.5204,73.8567,2022-07-01,2022-07-08,58.49474013681766,0.4305130549031023,589.7934178385088,3.797606559941247,0
Pune,18.5204,73.8567,2022-07-20,2022-07-27,15.734760997913506,0.4451278347205657,589.7934178385088,3.797606559941247,0
Pune,18.5204,73.8567,2022-08-01,2022-08-08,76.13224640069187,0.44473982470443524,589.7934178385088,3.797606559941247,0
Pune,18.5204,73.8567,2022-09-01,2022-09-08,78.03299668735932,0.4393223500679622,589.7934178385088,3.797606559941247,0
Pune,18.5204,73.8567,2023-06-15,2023-06-22,0.0,0.22981140804573755,589.7934178385088,3.797606559941247,0
Pune,18.5204,73.8567,2023-07-01,2023-07-08,99.11705570150306,0.45344673793868717,589.7934178385088,3.797606559941247,0
Pune,18.5204,73.8567,2023-07-25,2023-08-01,130.49745081477698,0.45735837713513505,589.7934178385088,3.797606559941247,0
Pune,18.5204,73.8567,2023-08-05,2023-08-12,0.0,0.39862305912170354,589.7934178385088,3.797606559941247,0
Pune,18.5204,73.8567,2023-09-01,2023-09-08,12.128123620704372,0.36410378351948663,589.7934178385088,3.797606559941247,0
Jaipur,26.9124,75.7873,2021-06-15,2021-06-22,18.745008814843032,0.1502468782387453,438.02683431248,4.8313679419007345,0
Jaipur,26.9124,75.7873,2021-07-01,2021-07-08,0.0,0.14273096250368286,438.02683431248,4.8313679419007345,0
Jaipur,26.9124,75.7873,2021-07-15,2021-07-22,89.7167915488189,0.25950160475917317,438.02683431248,4.8313679419007345,0
Jaipur,26.9124,75.7873,2021-08-01,2021-08-08,115.3572293860691,0.39934756024615037,438.02683431248,4.8313679419007345,0
Jaipur,26.9124,75.7873,2021-09-01,2021-09-08,58.54412007448476,0.34205953208676904,438.02683431248,4.8313679419007345,0
Jaipur,26.9124,75.7873,2022-06-15,2022-06-22,7.634133389673914,0.17290112053677117,438.02683431248,4.8313679419007345,0
Jaipur,26.9124,75.7873,2022-07-01,2022-07-08,47.635463971178666,0.36208843760914383,438.02683431248,4.8313679419007345,0
Jaipur,26.9124,75.7873,2022-07-20,2022-07-27,129.10489869534263,0.4110455982057087,438.02683431248,4.8313679419007345,0
Jaipur,26.9124,75.7873,2022-08-01,2022-08-08,119.53814938816467,0.37652899532210143,438.02683431248,4.8313679419007345,0
Jaipur,26.9124,75.7873,2022-09-01,2022-09-08,25.541015916567098,0.24598712584514285,438.02683431248,4.8313679419007345,0
Jaipur,26.9124,75.7873,2023-06-15,2023-06-22,14.153349889399369,0.2385171373883685,438.02683431248,4.8313679419007345,0
Jaipur,26.9124,75.7873,2023-07-01,2023-07-08,78.71764924391262,0.33480949033469787,438.02683431248,4.8313679419007345,0
Jaipur,26.9124,75.7873,2023-07-25,2023-08-01,100.73691759452713,0.39393639388260665,438.02683431248,4.8313679419007345,0
Jaipur,26.9124,75.7873,2023-08-05,2023-08-12,4.264553374631018,0.28748943533374993,438.02683431248,4.8313679419007345,0
Jaipur,26.9124,75.7873,2023-09-01,2023-09-08,1.2732737619172103,0.14916434489684308,438.02683431248,4.8313679419007345,0
Lucknow,26.8467,80.9462,2021-06-15,2021-06-22,46.826365297611616,0.38369722965480146,120.05515260879545,3.0422328795092892,0
Lucknow,26.8467,80.9462,2021-07-01,2021-07-08,42.94267824955034,0.26355528211345575,120.05515260879545,3.0422328795092892,0
Lucknow,26.8467,80.9462,2021-07-15,2021-07-22,72.73874431896242,0.33982137611616103,120.05515260879545,3.0422328795092892,0
Lucknow,26.8467,80.9462,2021-08-01,2021-08-08,33.67118341384182,0.3529305433263393,120.05515260879545,3.0422328795092892,0
Lucknow,26.8467,80.9462,2021-09-01,2021-09-08,35.67531975569562,0.3915789703281622,120.05515260879545,3.0422328795092892,0
Lucknow,26.8467,80.9462,2022-06-15,2022-06-22,6.140803492882507,0.14734981364371927,120.05515260879545,3.0422328795092892,0
Lucknow,26.8467,80.9462,2022-07-01,2022-07-08,21.86063995653439,0.3639061853887876,120.05515260879545,3.0422328795092892,0
Lucknow,26.8467,80.9462,2022-07-20,2022-07-27,81.46541745796297,0.3816353602140319,120.05515260879545,3.0422328795092892,0
Lucknow,26.8467,80.9462,2022-08-01,2022-08-08,71.90642645464433,0.4059613174289899,120.05515260879545,3.0422328795092892,0
Lucknow,26.8467,80.9462,2022-09-01,2022-09-08,36.65461473136342,0.3740411428701118,120.05515260879545,3.0422328795092892,0
Lucknow,26.8467,80.9462,2023-06-15,2023-06-22,17.842415691459387,0.1790621279080073,120.05515260879545,3.0422328795092892,0
Lucknow,26.8467,80.9462,2023-07-01,2023-07-08,125.47145637567974,0.39727698406633166,120.05515260879545,3.0422328795092892,0
Lucknow,26.8467,80.9462,2023-07-25,2023-08-01,34.221922146000175,0.38368845373944666,120.05515260879545,3.0422328795092892,0
Lucknow,26.8467,80.9462,2023-08-05,2023-08-12,114.64183009994433,0.4073438604974868,120.05515260879545,3.0422328795092892,0
Lucknow,26.8467,80.9462,2023-09-01,2023-09-08,33.91932142000766,0.285859590596289,120.05515260879545,3.0422328795092892,0
Indore,22.7196,75.8577,2021-06-15,2021-06-22,14.442639457697124,0.33236510017711285,559.0346658199787,2.089017334060059,0
Indore,22.7196,75.8577,2021-07-01,2021-07-08,0.3466901407076444,0.33617000978423456,559.0346658199787,2.089017334060059,0
Indore,22.7196,75.8577,2021-07-15,2021-07-22,21.58067788993348,0.4190738114725854,559.0346658199787,2.089017334060059,0
Indore,22.7196,75.8577,2021-08-01,2021-08-08,151.80867455081443,0.4840708857735938,559.0346658199787,2.089017334060059,0
Indore,22.7196,75.8577,2021-09-01,2021-09-08,76.4068351487893,0.4848993963311494,559.0346658199787,2.089017334060059,0
Indore,22.7196,75.8577,2022-06-15,2022-06-22,27.672864647528343,0.3111960549271242,559.0346658199787,2.089017334060059,0
Indore,22.7196,75.8577,2022-07-01,2022-07-08,159.84683411934472,0.4771947820858828,559.0346658199787,2.089017334060059,0
Indore,22.7196,75.8577,2022-07-20,2022-07-27,85.25552316983313,0.4778601067161756,559.0346658199787,2.089017334060059,0
Indore,22.7196,75.8577,2022-08-01,2022-08-08,108.66577737765508,0.47345006929027106,559.0346658199787,2.089017334060059,0
Indore,22.7196,75.8577,2022-09-01,2022-09-08,50.91074528032643,0.4653741443839209,559.0346658199787,2.089017334060059,0
Indore,22.7196,75.8577,2023-06-15,2023-06-22,11.308063985381514,0.26281377603518474,559.0346658199787,2.089017334060059,0
Indore,22.7196,75.8577,2023-07-01,2023-07-08,104.40213746383702,0.46751209989562764,559.0346658199787,2.089017334060059,0
Indore,22.7196,75.8577,2023-07-25,2023-08-01,37.80994359330635,0.47472780873898823,559.0346658199787,2.089017334060059,0
Indore,22.7196,75.8577,2023-08-05,2023-08-12,0.0,0.45945077865407175,559.0346658199787,2.089017334060059,0
Indore,22.7196,75.8577,2023-09-01,2023-09-08,34.059228352384075,0.39226974351392224,559.0346658199787,2.089017334060059,0
Bhopal,23.2599,77.4126,2021-06-15,2021-06-22,29.21659434389008,0.2899617479731027,500.54758085071194,2.6788549578127836,0
Bhopal,23.2599,77.4126,2021-07-01,2021-07-08,6.678893702444078,0.24597446528413588,500.54758085071194,2.6788549578127836,0
Bhopal,23.2599,77.4126,2021-07-15,2021-07-22,52.68999133467503,0.3291780053320058,500.54758085071194,2.6788549578127836,0
Bhopal,23.2599,77.4126,2021-08-01,2021-08-08,145.06426414817443,0.46146039399856276,500.54758085071194,2.6788549578127836,0
Bhopal,23.2599,77.4126,2021-09-01,2021-09-08,75.73741363641008,0.45506255375858135,500.54758085071194,2.6788549578127836,0
Bhopal,23.2599,77.4126,2022-06-15,2022-06-22,41.21343393305282,0.29458649645210144,500.54758085071194,2.6788549578127836,0
Bhopal,23.2599,77.4126,2022-07-01,2022-07-08,174.2696169825161,0.43690323867331265,500.54758085071194,2.6788549578127836,0
Bhopal,23.2599,77.4126,2022-07-20,2022-07-27,137.66340144258663,0.4591748696262138,500.54758085071194,2.6788549578127836,0
Bhopal,23.2599,77.4126,2022-08-01,2022-08-08,75.41838359935382,0.43588439942978996,500.54758085071194,2.6788549578127836,0
Bhopal,23.2599,77.4126,2022-09-01,2022-09-08,67.70960665279344,0.45450951806836914,500.54758085071194,2.6788549578127836,0
Bhopal,23.2599,77.4126,2023-06-15,2023-06-22,14.81794083622983,0.2000642911614417,500.54758085071194,2.6788549578127836,0
Bhopal,23.2599,77.4126,2023-07-01,2023-07-08,69.65481050387345,0.4393173738876865,500.54758085071194,2.6788549578127836,0
Bhopal,23.2599,77.4126,2023-07-25,2023-08-01,76.91569416406678,0.4524187819208878,500.54758085071194,2.6788549578127836,0
Bhopal,23.2599,77.4126,2023-08-05,2023-08-12,0.9754678234992444,0.43409056458073153,500.54758085071194,2.6788549578127836,0
Bhopal,23.2599,77.4126,2023-09-01,2023-09-08,48.81338446588393,0.36551136689719194,500.54758085071194,2.6788549578127836,0
Nagpur,21.1458,79.0882,2021-06-15,2021-06-22,47.72240765877908,0.4550538378288898,307.86109004568425,2.125152464248405,0
Nagpur,21.1458,79.0882,2021-07-01,2021-07-08,50.534731576065894,0.3829153996355882,307.86109004568425,2.125152464248405,0
Nagpur,21.1458,79.0882,2021-07-15,2021-07-22,49.94622184070288,0.45368452751682087,307.86109004568425,2.125152464248405,0
Nagpur,21.1458,79.0882,2021-08-01,2021-08-08,0.3246149237105556,0.45875414946777854,307.86109004568425,2.125152464248405,0
Nagpur,21.1458,79.0882,2021-09-01,2021-09-08,83.34346979756641,0.47783596899346176,307.86109004568425,2.125152464248405,0
Nagpur,21.1458,79.0882,2022-06-15,2022-06-22,151.56453519404062,0.4235756559507856,307.86109004568425,2.125152464248405,0
Nagpur,21.1458,79.0882,2022-07-01,2022-07-08,118.31080949401994,0.4767002569787984,307.86109004568425,2.125152464248405,0
Nagpur,21.1458,79.0882,2022-07-20,2022-07-27,98.76019257762877,0.48661662019869506,307.86109004568425,2.125152464248405,0
Nagpur,21.1458,79.0882,2022-08-01,2022-08-08,108.44022082700748,0.46066935422895355,307.86109004568425,2.125152464248405,0
Nagpur,21.1458,79.0882,2022-09-01,2022-09-08,44.9054121292167,0.47050023070631397,307.86109004568425,2.125152464248405,0
Nagpur,21.1458,79.0882,2023-06-15,2023-06-22,0.0,0.2401876338869903,307.86109004568425,2.125152464248405,0
Nagpur,21.1458,79.0882,2023-07-01,2023-07-08,93.20226873226264,0.4601801706843795,307.86109004568425,2.125152464248405,0
Nagpur,21.1458,79.0882,2023-07-25,2023-08-01,117.6766505925567,0.4686569426015802,307.86109004568425,2.125152464248405,0
Nagpur,21.1458,79.0882,2023-08-05,2023-08-12,9.065059456787054,0.4218876282788418,307.86109004568425,2.125152464248405,0
Nagpur,21.1458,79.0882,2023-09-01,2023-09-08,89.2224715756224,0.40986252719427,307.86109004568425,2.125152464248405,0
Vadodara,22.3072,73.1812,2021-06-15,2021-06-22,44.52365471192843,0.267896241929096,34.76822219014674,2.4976923244467883,0
Vadodara,22.3072,73.1812,2021-07-01,2021-07-08,0.8954178896785906,0.22804126298496485,34.76822219014674,2.4976923244467883,0
Vadodara,22.3072,73.1812,2021-07-15,2021-07-22,91.27815691566744,0.30962445471459366,34.76822219014674,2.4976923244467883,0
Vadodara,22.3072,73.1812,2021-08-01,2021-08-08,30.006634457917606,0.364335205808934,34.76822219014674,2.4976923244467883,0
Vadodara,22.3072,73.1812,2021-09-01,2021-09-08,79.89129438717931,0.3675048631510064,34.76822219014674,2.4976923244467883,0
Vadodara,22.3072,73.1812,2022-06-15,2022-06-22,16.275385209091503,0.19946037085627905,34.76822219014674,2.4976923244467883,0
Vadodara,22.3072,73.1812,2022-07-01,2022-07-08,86.45831613934273,0.3374351672879467,34.76822219014674,2.4976923244467883,0
Vadodara,22.3072,73.1812,2022-07-20,2022-07-27,48.43339767946359,0.40829814513983753,34.76822219014674,2.4976923244467883,0
Vadodara,22.3072,73.1812,2022-08-01,2022-08-08,70.02773528855232,0.3915420612815061,34.76822219014674,2.4976923244467883,0
Vadodara,22.3072,73.1812,2022-09-01,2022-09-08,55.945187029331,0.34643448229305934,34.76822219014674,2.4976923244467883,0
Vadodara,22.3072,73.1812,2023-06-15,2023-06-22,1.556561298080323,0.15620869983827446,34.76822219014674,2.4976923244467883,0
Vadodara,22.3072,73.1812,2023-07-01,2023-07-08,90.03260510887988,0.4088391250990456,34.76822219014674,2.4976923244467883,0
Vadodara,22.3072,73.1812,2023-07-25,2023-08-01,28.42351140775688,0.406679420276939,34.76822219014674,2.4976923244467883,0
Vadodara,22.3072,73.1812,2023-08-05,2023-08-12,0.0,0.3464800604702913,34.76822219014674,2.4976923244467883,0
Vadodara,22.3072,73.1812,2023-09-01,2023-09-08,37.537316503255454,0.22677162492239147,34.76822219014674,2.4976923244467883,0
Coimbatore,11.0168,76.9558,2021-06-15,2021-06-22,5.498387925872685,0.3302616707871089,429.2872601699845,2.653147287526832,0
Coimbatore,11.0168,76.9558,2021-07-01,2021-07-08,17.23072155339534,0.3022211501893263,429.2872601699845,2.653147287526832,0
Coimbatore,11.0168,76.9558,2021-07-15,2021-07-22,21.149157623564278,0.3949983181178059,429.2872601699845,2.653147287526832,0
Coimbatore,11.0168,76.9558,2021-08-01,2021-08-08,2.608174222065289,0.2715147340858386,429.2872601699845,2.653147287526832,0
Coimbatore,11.0168,76.9558,2021-09-01,2021-09-08,16.320217900226794,0.41493699165384973,429.2872601699845,2.653147287526832,0
Coimbatore,11.0168,76.9558,2022-06-15,2022-06-22,30.48161347071513,0.2966599588936192,429.2872601699845,2.653147287526832,0
Coimbatore,11.0168,76.9558,2022-07-01,2022-07-08,13.892303698996633,0.4079730700979148,429.2872601699845,2.653147287526832,0
Coimbatore,11.0168,76.9558,2022-07-20,2022-07-27,43.59528876983392,0.3761671119440483,429.2872601699845,2.653147287526832,0
Coimbatore,11.0168,76.9558,2022-08-01,2022-08-08,21.656942407244415,0.4243300176121987,429.2872601699845,2.653147287526832,0
Coimbatore,11.0168,76.9558,2022-09-01,2022-09-08,27.545520032096917,0.4044386215159734,429.2872601699845,2.653147287526832,0
Coimbatore,11.0168,76.9558,2023-06-15,2023-06-22,27.81206263286838,0.23032548832009173,429.2872601699845,2.653147287526832,0
Coimbatore,11.0168,76.9558,2023-07-01,2023-07-08,11.089154687337505,0.38378013098530267,429.2872601699845,2.653147287526832,0
Coimbatore,11.0168,76.9558,2023-07-25,2023-08-01,3.4650030296151555,0.31701091174522666,429.2872601699845,2.653147287526832,0
Coimbatore,11.0168,76.9558,2023-08-05,2023-08-12,8.376945772663039,0.22966405103832893,429.2872601699845,2.653147287526832,0
Coimbatore,11.0168,76.9558,2023-09-01,2023-09-08,11.046710399132738,0.3409545281210497,429.2872601699845,2.653147287526832,0
Mysore,12.2958,76.6394,2021-06-15,2021-06-22,8.506457423763575,0.3509279143884919,747.7423773764965,3.4757418280131596,0
Mysore,12.2958,76.6394,2021-07-01,2021-07-08,48.758895689546954,0.3316738361421415,747.7423773764965,3.4757418280131596,0
Mysore,12.2958,76.6394,2021-07-15,2021-07-22,53.527505349585326,0.4041132347125821,747.7423773764965,3.4757418280131596,0
Mysore,12.2958,76.6394,2021-08-01,2021-08-08,3.748400882563033,0.317979677632783,747.7423773764965,3.4757418280131596,0
Mysore,12.2958,76.6394,2021-09-01,2021-09-08,30.386038867629523,0.41498976932857284,747.7423773764965,3.4757418280131596,0
Mysore,12.2958,76.6394,2022-06-15,2022-06-22,34.15997500262248,0.36944831669269834,747.7423773764965,3.4757418280131596,0
Mysore,12.2958,76.6394,2022-07-01,2022-07-08,11.036602294795255,0.4052776504989898,747.7423773764965,3.4757418280131596,0
Mysore,12.2958,76.6394,2022-07-20,2022-07-27,44.69194512001571,0.3988754982960108,747.7423773764965,3.4757418280131596,0
Mysore,12.2958,76.6394,2022-08-01,2022-08-08,53.71176402735283,0.42197076962194496,747.7423773764965,3.4757418280131596,0
Mysore,12.2958,76.6394,2022-09-01,2022-09-08,63.46387122970008,0.4163105685377252,747.7423773764965,3.4757418280131596,0
Mysore,12.2958,76.6394,2023-06-15,2023-06-22,31.48852472794688,0.25083830430550363,747.7423773764965,3.4757418280131596,0
Mysore,12.2958,76.6394,2023-07-01,2023-07-08,19.74017917304856,0.38775722342008273,747.7423773764965,3.4757418280131596,0
Mysore,12.2958,76.6394,2023-07-25,2023-08-01,11.79064938695501,0.38521763718386864,747.7423773764965,3.4757418280131596,0
Mysore,12.2958,76.6394,2023-08-05,2023-08-12,8.797681738860915,0.3083979583158058,747.7423773764965,3.4757418280131596,0
Mysore,12.2958,76.6394,2023-09-01,2023-09-08,37.981635570799014,0.2690474189523875,747.7423773764965,3.4757418280131596,0
